{"train_loss": 1.024456660698802, "_timestamp": 1670097863.4242327, "_runtime": 74357.03550863266, "_step": 269, "_wandb": {"runtime": 74361}}