{"train_loss": 0.1481233748390155, "_timestamp": 1669834393.4360938, "_runtime": 34131.72999382019, "_step": 643, "val_loss": 2.7925028871087467, "val_auc": 0.41158536585365857, "val_f1": 0.16666666666666666, "val_acc": 0.5098039215686274, "best_auc": 0.5969512195121951, "best_f1": 0.36000000000000004, "best_acc": 0.8137254901960784, "_wandb": {"runtime": 34131}}