{"train_loss": 1.0337950804173717, "_timestamp": 1669409621.7504976, "_runtime": 29691.06795668602, "_step": 109, "_wandb": {"runtime": 29696}}