{"train_loss": 1.6094379425048828, "_timestamp": 1669351220.8784852, "_runtime": 29544.576090097427, "_step": 109, "_wandb": {"runtime": 29543}}