{"train_loss": 0.6937245303139263, "_timestamp": 1669627738.8975465, "_runtime": 52.71784543991089, "_step": 0, "_wandb": {"runtime": 58}}