{"train_loss": 0.6854009605073309, "_timestamp": 1669723234.0281868, "_runtime": 5891.8675968647, "_step": 235, "val_loss": 0.8682401478290558, "val_auc": 0.447043534762833, "val_f1": 0.2708333333333333, "val_acc": 0.3, "_wandb": {"runtime": 5901}}