{"train_loss": 0.9209738847031078, "_timestamp": 1669303639.8014815, "_runtime": 10928.366409540176, "_step": 39, "_wandb": {"runtime": 10928}}