{"epoch": 1, "train_loss": NaN, "test_auc": 0.5, "test_acc": 0.8137254901960784, "test_f1": 0.0, "_timestamp": 1671012142.5642812, "_runtime": 338.7983241081238, "_step": 0, "_wandb": {"runtime": 421}}