{"train_loss": 0.017343033092965403, "_timestamp": 1669768946.4365728, "_runtime": 9005.101996898651, "_step": 170, "val_loss": 5.61108084221932, "val_auc": 0.46463414634146344, "val_f1": 0.11111111111111112, "val_acc": 0.6862745098039216, "best_auc": 0.5603658536585365, "best_f1": 0.35514018691588783, "best_acc": 0.803921568627451, "_wandb": {"runtime": 9004}}