{"train_loss": 0.6931860242110882, "_timestamp": 1669627936.1202426, "_runtime": 59.17000770568848, "_step": 1, "val_loss": 0.7004144651549203, "val_auc": 0.43529411764705883, "val_f1": 0.25531914893617025, "val_acc": 0.3333333333333333, "_wandb": {"runtime": 58}}