{"train_loss": 0.6820380579341542, "_timestamp": 1669629972.1858308, "_runtime": 1965.3280107975006, "_step": 79, "val_loss": 0.723989337682724, "val_auc": 0.4048083170890188, "val_f1": 0.1818181818181818, "val_acc": 0.46, "_wandb": {"runtime": 1964}}