{"train_loss": 0.693075358177244, "_timestamp": 1669627578.760704, "_runtime": 53.85210204124451, "_step": 0, "_wandb": {"runtime": 60}}