{"epoch": 1, "train_loss": 0.699970465066821, "test_auc": 0.5, "test_acc": 0.803921568627451, "test_f1": 0.0, "val_loss": 0.8636908706496743, "_timestamp": 1671121290.548469, "_runtime": 315.63931798934937, "_step": 0, "_wandb": {"runtime": 435}}