{"train_loss": 0.010314511943390848, "val_loss": 1.6760359804091636, "val_auc": 0.5323170731707316, "val_f1": 0.2, "val_acc": 0.7647058823529411, "_timestamp": 1670337897.2703984, "_runtime": 5060.22362446785, "_step": 46, "_wandb": {"runtime": 5109}}