{"train_loss": 0.0006072704381712887, "_timestamp": 1669736141.8989573, "_runtime": 12497.731526136398, "_step": 235, "val_loss": 3.418936336211011, "val_auc": 0.5104629042485732, "val_f1": 0.14285714285714285, "val_acc": 0.7647058823529411, "_wandb": {"runtime": 12517}}