{"epoch": 19, "train_loss": 0.6571370379407276, "test_auc": 0.5, "test_acc": 0.8235294117647058, "test_f1": 0.0, "val_loss": 0.8707430958747864, "_timestamp": 1671126596.0934381, "_runtime": 5094.519245147705, "_step": 18, "_wandb": {"runtime": 5281}}