{"train_loss": 0.6919316658642302, "_timestamp": 1669627455.668457, "_runtime": 55.959649085998535, "_step": 0, "_wandb": {"runtime": 55}}