{"train_loss": 0.6849471454496507, "_timestamp": 1669717285.66463, "_runtime": 1514.328694820404, "_step": 55, "val_loss": 0.7120175778865814, "val_auc": 0.4044715447154471, "val_f1": 0.17910447761194032, "val_acc": 0.45, "_wandb": {"runtime": 1547}}