{"train_loss": 1.6094379425048828, "_timestamp": 1669321413.2028072, "_runtime": 16626.77891111374, "_step": 61, "_wandb": {"runtime": 16725}}