{"train_loss": 0.6810390384166272, "_timestamp": 1669636204.8629332, "_runtime": 4882.049483060837, "_step": 199, "val_loss": 0.72363760471344, "val_auc": 0.40318388564002594, "val_f1": 0.1639344262295082, "val_acc": 0.49, "_wandb": {"runtime": 4881}}